amfi_code,annual_return_pct,annual_volatility_pct,sharpe_ratio
100016,3.57,14.55,-0.202
100025,4.29,3.91,-0.567
100033,27.21,18.94,1.094
101206,21.46,14.57,1.027
101207,10.7,25.8,0.163
101208,6.09,0.51,-0.816
102885,16.99,12.84,0.817
102886,2.77,18.13,-0.206
102887,16.26,15.76,0.62
118632,21.8,14.15,1.082
118633,15.53,14.0,0.645
118634,17.82,25.24,0.448
118635,15.13,12.98,0.665
118636,5.08,3.99,-0.357
119092,6.93,13.95,0.031
119093,8.31,13.98,0.13
119094,25.87,19.41,0.998
119095,4.6,25.07,-0.076
119120,5.6,3.97,-0.227
119551,23.1,13.74,1.208
119552,19.79,13.94,0.953
119598,30.27,25.14,0.945
119599,5.07,24.95,-0.057
120503,17.58,13.88,0.798
120504,21.24,14.36,1.027
120505,29.27,19.29,1.18
120506,16.38,15.23,0.649
120507,6.74,0.49,0.496
120841,13.15,13.46,0.494
120842,7.86,17.89,0.076
120843,27.26,15.89,1.307
120844,6.45,0.51,-0.089
125497,17.88,14.67,0.776
125498,12.02,18.35,0.301
148567,27.06,14.19,1.448
148568,20.79,15.43,0.926
148569,28.33,17.67,1.235
149322,13.16,14.35,0.464
149323,26.59,17.75,1.132
149324,30.09,24.84,0.95
